<?xml version="1.0" encoding="utf-8" standalone="yes" ?>
<rss version="2.0" xmlns:atom="http://www.w3.org/2005/Atom">
  <channel>
    <title>Blogs on </title>
    <link>/hugo-goa-demo/blog/</link>
    <description>Recent content in Blogs on </description>
    <generator>Hugo -- gohugo.io</generator>
    <language>en-US</language>
    <lastBuildDate>Tue, 06 Jun 2017 20:59:12 -0400</lastBuildDate>
    
	<atom:link href="/hugo-goa-demo/blog/index.xml" rel="self" type="application/rss+xml" />
    
    
    <item>
      <title>Discover the Alps!.</title>
      <link>/hugo-goa-demo/blog/alpstours/</link>
      <pubDate>Tue, 06 Jun 2017 20:59:12 -0400</pubDate>
      
      <guid>/hugo-goa-demo/blog/alpstours/</guid>
      <description>Before every great family vacation there comes a great family discussion: Where to go? We are mountain people. Even born and raised in northern Germany my brother and I spent 8 weeks a year, almost all our vacations, in the Alps for way over 20 years. Nothing compared to our parents (40&amp;frasl;50) years. A lot of experience, a lot of opinions on where we could avoid the increasing amount of green hills in the Alps but still stay away from avalanches.</description>
    </item>
    
    <item>
      <title>How to setup a blogdown site in 3 minutes from scrach.</title>
      <link>/hugo-goa-demo/blog/blogdown_intro/</link>
      <pubDate>Tue, 06 Jun 2017 20:59:12 -0400</pubDate>
      
      <guid>/hugo-goa-demo/blog/blogdown_intro/</guid>
      <description>This site, big-data-scientist.de is written with blogdown. https://github.com/rstudio/blogdown. The package and the documentation are still under development (07.2017), but it works already great. I would like to contribute a quick-start tutorial, as i feel that could help some interested follower to get an overview. VIDEO. For a full tutorial see here: https://bookdown.org/yihui/blogdown/.</description>
    </item>
    
    <item>
      <title>Me, ML and Granny Smith.</title>
      <link>/hugo-goa-demo/blog/memlgrannysmith/</link>
      <pubDate>Tue, 06 Jun 2017 20:59:12 -0400</pubDate>
      
      <guid>/hugo-goa-demo/blog/memlgrannysmith/</guid>
      <description>Granny Who? Some time ago I read about (the image analysis framework of) Tensorflow and gave it a shot. Following some tutorials, I set up the framework until it was ready to be fed with a picture. I quickly googled the first thing coming to my mind, an apple and saved the picture. Then it was time to test it: Would the program be good enough? An apple shouldnt be that hard to recognize,&amp;hellip; The program finished within seconds and the top result was &amp;ldquo;Granny Smith&amp;rdquo;.</description>
    </item>
    
    <item>
      <title>Me, ML and Granny Smith.</title>
      <link>/hugo-goa-demo/blog/third/</link>
      <pubDate>Tue, 06 Jun 2017 20:59:12 -0400</pubDate>
      
      <guid>/hugo-goa-demo/blog/third/</guid>
      <description>Granny Who? Some time ago I read about (the image analysis framework of) Tensorflow and gave it a shot. Following some tutorials, I set up the framework until it was ready to be fed with a picture. I quickly googled the first thing coming to my mind, an apple and saved the picture. Then it was time to test it: Would the program be good enough? An apple shouldnt be that hard to recognize,&amp;hellip; The program finished within seconds and the top result was &amp;ldquo;Granny Smith&amp;rdquo;.</description>
    </item>
    
    <item>
      <title>Shiny Risk. Statistical significant wins.</title>
      <link>/hugo-goa-demo/blog/shinyrisk/</link>
      <pubDate>Tue, 06 Jun 2017 20:59:12 -0400</pubDate>
      
      <guid>/hugo-goa-demo/blog/shinyrisk/</guid>
      <description>Truth be told, whenever i win at &amp;ldquo;Risk&amp;rdquo;, it is my belief it was not luck but my strategic calculus. It�s a pity my opponents had a hard time understanding that. The only way to prove it would be to log and calculate it. That introduced the question whether it is possible (with my preferred tech stack). At that point of time a few of todays R Shiny features were not introduced so I had to find a hacky way to track the clicks on a map.</description>
    </item>
    
    <item>
      <title>Shiny Risk. Statistical significant wins.</title>
      <link>/hugo-goa-demo/blog/storytelling_communicating_ml_methods/</link>
      <pubDate>Tue, 06 Jun 2017 20:59:12 -0400</pubDate>
      
      <guid>/hugo-goa-demo/blog/storytelling_communicating_ml_methods/</guid>
      <description>&amp;ldquo;If you can&amp;rsquo;t explain it simply, you don&amp;rsquo;t understand it well enough.&amp;rdquo;
Fan of asking right questions that partner derives core idea by himself.
Decision Trees:
Decision Trees is much like the &amp;ldquo;Who am I?&amp;rdquo; game.
If i am asked to explain decision trees to non-statisticans I like to let them play a game of &amp;ldquo;Who am I?&amp;rdquo; and let them do guess role with side rule to take as least guesses as possible.</description>
    </item>
    
  </channel>
</rss>