<?xml version="1.0" encoding="utf-8" standalone="yes" ?>
<rss version="2.0" xmlns:atom="http://www.w3.org/2005/Atom">
  <channel>
    <title>Bachman on </title>
    <link>/hugo-goa-demo/tags/bachman/</link>
    <description>Recent content in Bachman on </description>
    <generator>Hugo -- gohugo.io</generator>
    <language>en-US</language>
    <lastBuildDate>Sun, 02 Oct 2016 22:55:05 -0400</lastBuildDate>
    
	<atom:link href="/hugo-goa-demo/tags/bachman/index.xml" rel="self" type="application/rss+xml" />
    
    
    <item>
      <title>CodeRag</title>
      <link>/hugo-goa-demo/coderag/</link>
      <pubDate>Sun, 02 Oct 2016 22:55:05 -0400</pubDate>
      
      <guid>/hugo-goa-demo/coderag/</guid>
      <description>Notes: This article originally appeared in CodeRag.
Code/Rag has always been more than just another online tech blog. We strive to be part of the tech community—serving an essential, fundamental look at what’s going on in the valley. It’s why our tagline is “Know Your Code.” We think a tech news publication should know the basics. Be the source. Get down to brass tacks. We can do that because we’re part of the very ecosystem we’re reporting on.</description>
    </item>
    
  </channel>
</rss>