<?xml version="1.0" encoding="utf-8" standalone="yes" ?>
<rss version="2.0" xmlns:atom="http://www.w3.org/2005/Atom">
  <channel>
    <title>Blogdown R Rstudio on </title>
    <link>/hugo-goa-demo/tags/blogdown-r-rstudio/</link>
    <description>Recent content in Blogdown R Rstudio on </description>
    <generator>Hugo -- gohugo.io</generator>
    <language>en-US</language>
    <lastBuildDate>Tue, 06 Jun 2017 20:59:12 -0400</lastBuildDate>
    
	<atom:link href="/hugo-goa-demo/tags/blogdown-r-rstudio/index.xml" rel="self" type="application/rss+xml" />
    
    
    <item>
      <title>How to setup a blogdown site in 3 minutes from scrach.</title>
      <link>/hugo-goa-demo/blog/blogdown_intro/</link>
      <pubDate>Tue, 06 Jun 2017 20:59:12 -0400</pubDate>
      
      <guid>/hugo-goa-demo/blog/blogdown_intro/</guid>
      <description>This site, big-data-scientist.de is written with blogdown. https://github.com/rstudio/blogdown. The package and the documentation are still under development (07.2017), but it works already great. I would like to contribute a quick-start tutorial, as i feel that could help some interested follower to get an overview. VIDEO. For a full tutorial see here: https://bookdown.org/yihui/blogdown/.</description>
    </item>
    
  </channel>
</rss>