<?xml version="1.0" encoding="utf-8" standalone="yes" ?>
<rss version="2.0" xmlns:atom="http://www.w3.org/2005/Atom">
  <channel>
    <title>Shiny Game on </title>
    <link>/hugo-goa-demo/tags/shiny-game/</link>
    <description>Recent content in Shiny Game on </description>
    <generator>Hugo -- gohugo.io</generator>
    <language>en-US</language>
    <lastBuildDate>Tue, 06 Jun 2017 20:59:12 -0400</lastBuildDate>
    
	<atom:link href="/hugo-goa-demo/tags/shiny-game/index.xml" rel="self" type="application/rss+xml" />
    
    
    <item>
      <title>Shiny Risk. Statistical significant wins.</title>
      <link>/hugo-goa-demo/blog/shinyrisk/</link>
      <pubDate>Tue, 06 Jun 2017 20:59:12 -0400</pubDate>
      
      <guid>/hugo-goa-demo/blog/shinyrisk/</guid>
      <description>Truth be told, whenever i win at &amp;ldquo;Risk&amp;rdquo;, it is my belief it was not luck but my strategic calculus. It�s a pity my opponents had a hard time understanding that. The only way to prove it would be to log and calculate it. That introduced the question whether it is possible (with my preferred tech stack). At that point of time a few of todays R Shiny features were not introduced so I had to find a hacky way to track the clicks on a map.</description>
    </item>
    
    <item>
      <title>Shiny Risk. Statistical significant wins.</title>
      <link>/hugo-goa-demo/blog/storytelling_communicating_ml_methods/</link>
      <pubDate>Tue, 06 Jun 2017 20:59:12 -0400</pubDate>
      
      <guid>/hugo-goa-demo/blog/storytelling_communicating_ml_methods/</guid>
      <description>&amp;ldquo;If you can&amp;rsquo;t explain it simply, you don&amp;rsquo;t understand it well enough.&amp;rdquo;
Fan of asking right questions that partner derives core idea by himself.
Decision Trees:
Decision Trees is much like the &amp;ldquo;Who am I?&amp;rdquo; game.
If i am asked to explain decision trees to non-statisticans I like to let them play a game of &amp;ldquo;Who am I?&amp;rdquo; and let them do guess role with side rule to take as least guesses as possible.</description>
    </item>
    
  </channel>
</rss>