<?xml version="1.0" encoding="utf-8" standalone="yes" ?>
<rss version="2.0" xmlns:atom="http://www.w3.org/2005/Atom">
  <channel>
    <title>Shiny on </title>
    <link>/hugo-goa-demo/tags/shiny/</link>
    <description>Recent content in Shiny on </description>
    <generator>Hugo -- gohugo.io</generator>
    <language>en-US</language>
    <lastBuildDate>Mon, 03 Jul 2017 00:00:00 +0000</lastBuildDate>
    
	<atom:link href="/hugo-goa-demo/tags/shiny/index.xml" rel="self" type="application/rss+xml" />
    
    
    <item>
      <title>test</title>
      <link>/hugo-goa-demo/post/test/</link>
      <pubDate>Mon, 03 Jul 2017 00:00:00 +0000</pubDate>
      
      <guid>/hugo-goa-demo/post/test/</guid>
      <description>give it a test</description>
    </item>
    
  </channel>
</rss>