<?xml version="1.0" encoding="utf-8" standalone="yes" ?>
<rss version="2.0" xmlns:atom="http://www.w3.org/2005/Atom">
  <channel>
    <title>Hardware on </title>
    <link>/hugo-goa-demo/tags/hardware/</link>
    <description>Recent content in Hardware on </description>
    <generator>Hugo -- gohugo.io</generator>
    <language>en-US</language>
    <lastBuildDate>Sun, 02 Oct 2016 15:59:13 -0400</lastBuildDate>
    
	<atom:link href="/hugo-goa-demo/tags/hardware/index.xml" rel="self" type="application/rss+xml" />
    
    
    <item>
      <title>Gavin Belson</title>
      <link>/hugo-goa-demo/blog/first/</link>
      <pubDate>Sun, 02 Oct 2016 15:59:13 -0400</pubDate>
      
      <guid>/hugo-goa-demo/blog/first/</guid>
      <description>Note: This article originally appeared in CodeRag.
Gavin Belson’s name has long been synonymous with innovation—but beyond his work at Hooli, do we even know the man behind the rampant success? In a Code/Rag exclusive, Belson revealed to us 10 things about himself that aren’t common knowledge.
 He’s a nature fanatic! “It’s important to me that Hooli has an effective recycling program, and a personal passion of mine is donating to elephant sanctuaries.</description>
    </item>
    
  </channel>
</rss>