<?xml version="1.0" encoding="utf-8" standalone="yes" ?>
<rss version="2.0" xmlns:atom="http://www.w3.org/2005/Atom">
  <channel>
    <title>Abouts on </title>
    <link>/hugo-goa-demo/about/</link>
    <description>Recent content in Abouts on </description>
    <generator>Hugo -- gohugo.io</generator>
    <language>en-US</language>
    <lastBuildDate>Sun, 02 Oct 2016 22:55:05 -0400</lastBuildDate>
    
	<atom:link href="/hugo-goa-demo/about/index.xml" rel="self" type="application/rss+xml" />
    
    
    <item>
      <title>About</title>
      <link>/hugo-goa-demo/about/</link>
      <pubDate>Sun, 02 Oct 2016 22:55:05 -0400</pubDate>
      
      <guid>/hugo-goa-demo/about/</guid>
      <description>Erlich administers the Hacker Hostel, a tech incubator where Richard, Big Head, Dinesh, and Gilfoyle live and work in exchange for 10 percent of their potential businesses. Erlich clings to his glory days, when he sold aviation start-up Aviato, a move that, at least in his mind, qualifies him to be a svengali lording over other tech nerds. He still drives a car emblazoned with multiple Aviato logos and smokes copious amounts of weed.</description>
    </item>
    
  </channel>
</rss>