<?xml version="1.0" encoding="utf-8" standalone="yes" ?>
<rss version="2.0" xmlns:atom="http://www.w3.org/2005/Atom">
  <channel>
    <title>Categories on </title>
    <link>/hugo-goa-demo/categories/</link>
    <description>Recent content in Categories on </description>
    <generator>Hugo -- gohugo.io</generator>
    <language>en-US</language>
    <lastBuildDate>Sun, 02 Oct 2016 22:55:05 -0400</lastBuildDate>
    
	<atom:link href="/hugo-goa-demo/categories/index.xml" rel="self" type="application/rss+xml" />
    
    
    <item>
      <title>About</title>
      <link>/hugo-goa-demo/categories/about/</link>
      <pubDate>Sun, 02 Oct 2016 22:55:05 -0400</pubDate>
      
      <guid>/hugo-goa-demo/categories/about/</guid>
      <description></description>
    </item>
    
    <item>
      <title>Articles</title>
      <link>/hugo-goa-demo/categories/articles/</link>
      <pubDate>Sun, 02 Oct 2016 22:55:05 -0400</pubDate>
      
      <guid>/hugo-goa-demo/categories/articles/</guid>
      <description></description>
    </item>
    
    <item>
      <title>Machine Learning</title>
      <link>/hugo-goa-demo/categories/machine-learning/</link>
      <pubDate>Tue, 06 Jun 2017 20:59:12 -0400</pubDate>
      
      <guid>/hugo-goa-demo/categories/machine-learning/</guid>
      <description></description>
    </item>
    
    <item>
      <title>R</title>
      <link>/hugo-goa-demo/categories/r/</link>
      <pubDate>Mon, 03 Jul 2017 00:00:00 +0000</pubDate>
      
      <guid>/hugo-goa-demo/categories/r/</guid>
      <description></description>
    </item>
    
    <item>
      <title>Shiny</title>
      <link>/hugo-goa-demo/categories/shiny/</link>
      <pubDate>Tue, 06 Jun 2017 20:59:12 -0400</pubDate>
      
      <guid>/hugo-goa-demo/categories/shiny/</guid>
      <description></description>
    </item>
    
  </channel>
</rss>