<?xml version="1.0" encoding="utf-8" standalone="yes" ?>
<rss version="2.0" xmlns:atom="http://www.w3.org/2005/Atom">
  <channel>
    <title>Hooli on </title>
    <link>/hugo-goa-demo/tags/hooli/</link>
    <description>Recent content in Hooli on </description>
    <generator>Hugo -- gohugo.io</generator>
    <language>en-US</language>
    <lastBuildDate>Tue, 06 Jun 2017 16:59:13 -0400</lastBuildDate>
    
	<atom:link href="/hugo-goa-demo/tags/hooli/index.xml" rel="self" type="application/rss+xml" />
    
    
    <item>
      <title>Hooli’s Hot New Hardware</title>
      <link>/hugo-goa-demo/blog/third---kopie/</link>
      <pubDate>Tue, 06 Jun 2017 16:59:13 -0400</pubDate>
      
      <guid>/hugo-goa-demo/blog/third---kopie/</guid>
      <description>Note: This article originally appeared in CodeRag.
When Hooli acquired Endframe, no one could wait to see what the tech giant would do with the revolutionary, middle-out compression technology. The wait is over: In a savvy pivot, Hooli took the software and created their newest hardware: the Hooli/Endframe Box. While initially conceived as a consumer-facing platform, the Endframe technology has been repurposed to “make the world a better place through secure, high-capacity enterprise data storage servers utilizing middle-out compression technology.</description>
    </item>
    
    <item>
      <title>Gavin Belson</title>
      <link>/hugo-goa-demo/blog/first/</link>
      <pubDate>Sun, 02 Oct 2016 15:59:13 -0400</pubDate>
      
      <guid>/hugo-goa-demo/blog/first/</guid>
      <description>Note: This article originally appeared in CodeRag.
Gavin Belson’s name has long been synonymous with innovation—but beyond his work at Hooli, do we even know the man behind the rampant success? In a Code/Rag exclusive, Belson revealed to us 10 things about himself that aren’t common knowledge.
 He’s a nature fanatic! “It’s important to me that Hooli has an effective recycling program, and a personal passion of mine is donating to elephant sanctuaries.</description>
    </item>
    
    <item>
      <title>Belson Back on Top</title>
      <link>/hugo-goa-demo/blog/second/</link>
      <pubDate>Sat, 01 Oct 2016 16:59:13 -0400</pubDate>
      
      <guid>/hugo-goa-demo/blog/second/</guid>
      <description>Note: This post originally appeared in CodeRag
Gavin Belson’s brilliant leadership is unstoppable. While allegedly taking a personal hiatus from day-to-day operations at Hooli, Belson couldn’t resist brokering a blockbuster deal between Hooli and Maleant Data Systems, deploying Hooli’s innovative new Hooli/Endframe Box. The multi-year deal brings handsome margins for Hooli and can easily be a template to apply across the entire Fortune 1000. An inside source tells me that, no surprise, the board was no longer satisfied to let Belson fade into the background.</description>
    </item>
    
  </channel>
</rss>